[
{
    "model": "auth.permission",
    "pk": 1,
    "fields": {
        "name": "Can add log entry",
        "content_type": 1,
        "codename": "add_logentry"
    }
},
{
    "model": "auth.permission",
    "pk": 2,
    "fields": {
        "name": "Can change log entry",
        "content_type": 1,
        "codename": "change_logentry"
    }
},
{
    "model": "auth.permission",
    "pk": 3,
    "fields": {
        "name": "Can delete log entry",
        "content_type": 1,
        "codename": "delete_logentry"
    }
},
{
    "model": "auth.permission",
    "pk": 4,
    "fields": {
        "name": "Can view log entry",
        "content_type": 1,
        "codename": "view_logentry"
    }
},
{
    "model": "auth.permission",
    "pk": 5,
    "fields": {
        "name": "Can add permission",
        "content_type": 2,
        "codename": "add_permission"
    }
},
{
    "model": "auth.permission",
    "pk": 6,
    "fields": {
        "name": "Can change permission",
        "content_type": 2,
        "codename": "change_permission"
    }
},
{
    "model": "auth.permission",
    "pk": 7,
    "fields": {
        "name": "Can delete permission",
        "content_type": 2,
        "codename": "delete_permission"
    }
},
{
    "model": "auth.permission",
    "pk": 8,
    "fields": {
        "name": "Can view permission",
        "content_type": 2,
        "codename": "view_permission"
    }
},
{
    "model": "auth.permission",
    "pk": 9,
    "fields": {
        "name": "Can add group",
        "content_type": 3,
        "codename": "add_group"
    }
},
{
    "model": "auth.permission",
    "pk": 10,
    "fields": {
        "name": "Can change group",
        "content_type": 3,
        "codename": "change_group"
    }
},
{
    "model": "auth.permission",
    "pk": 11,
    "fields": {
        "name": "Can delete group",
        "content_type": 3,
        "codename": "delete_group"
    }
},
{
    "model": "auth.permission",
    "pk": 12,
    "fields": {
        "name": "Can view group",
        "content_type": 3,
        "codename": "view_group"
    }
},
{
    "model": "auth.permission",
    "pk": 13,
    "fields": {
        "name": "Can add user",
        "content_type": 4,
        "codename": "add_user"
    }
},
{
    "model": "auth.permission",
    "pk": 14,
    "fields": {
        "name": "Can change user",
        "content_type": 4,
        "codename": "change_user"
    }
},
{
    "model": "auth.permission",
    "pk": 15,
    "fields": {
        "name": "Can delete user",
        "content_type": 4,
        "codename": "delete_user"
    }
},
{
    "model": "auth.permission",
    "pk": 16,
    "fields": {
        "name": "Can view user",
        "content_type": 4,
        "codename": "view_user"
    }
},
{
    "model": "auth.permission",
    "pk": 17,
    "fields": {
        "name": "Can add content type",
        "content_type": 5,
        "codename": "add_contenttype"
    }
},
{
    "model": "auth.permission",
    "pk": 18,
    "fields": {
        "name": "Can change content type",
        "content_type": 5,
        "codename": "change_contenttype"
    }
},
{
    "model": "auth.permission",
    "pk": 19,
    "fields": {
        "name": "Can delete content type",
        "content_type": 5,
        "codename": "delete_contenttype"
    }
},
{
    "model": "auth.permission",
    "pk": 20,
    "fields": {
        "name": "Can view content type",
        "content_type": 5,
        "codename": "view_contenttype"
    }
},
{
    "model": "auth.permission",
    "pk": 21,
    "fields": {
        "name": "Can add session",
        "content_type": 6,
        "codename": "add_session"
    }
},
{
    "model": "auth.permission",
    "pk": 22,
    "fields": {
        "name": "Can change session",
        "content_type": 6,
        "codename": "change_session"
    }
},
{
    "model": "auth.permission",
    "pk": 23,
    "fields": {
        "name": "Can delete session",
        "content_type": 6,
        "codename": "delete_session"
    }
},
{
    "model": "auth.permission",
    "pk": 24,
    "fields": {
        "name": "Can view session",
        "content_type": 6,
        "codename": "view_session"
    }
},
{
    "model": "auth.permission",
    "pk": 25,
    "fields": {
        "name": "Can add calzado",
        "content_type": 7,
        "codename": "add_calzado"
    }
},
{
    "model": "auth.permission",
    "pk": 26,
    "fields": {
        "name": "Can change calzado",
        "content_type": 7,
        "codename": "change_calzado"
    }
},
{
    "model": "auth.permission",
    "pk": 27,
    "fields": {
        "name": "Can delete calzado",
        "content_type": 7,
        "codename": "delete_calzado"
    }
},
{
    "model": "auth.permission",
    "pk": 28,
    "fields": {
        "name": "Can view calzado",
        "content_type": 7,
        "codename": "view_calzado"
    }
},
{
    "model": "auth.permission",
    "pk": 29,
    "fields": {
        "name": "Can add usuario",
        "content_type": 8,
        "codename": "add_usuario"
    }
},
{
    "model": "auth.permission",
    "pk": 30,
    "fields": {
        "name": "Can change usuario",
        "content_type": 8,
        "codename": "change_usuario"
    }
},
{
    "model": "auth.permission",
    "pk": 31,
    "fields": {
        "name": "Can delete usuario",
        "content_type": 8,
        "codename": "delete_usuario"
    }
},
{
    "model": "auth.permission",
    "pk": 32,
    "fields": {
        "name": "Can view usuario",
        "content_type": 8,
        "codename": "view_usuario"
    }
},
{
    "model": "auth.permission",
    "pk": 33,
    "fields": {
        "name": "Can add chat",
        "content_type": 9,
        "codename": "add_chat"
    }
},
{
    "model": "auth.permission",
    "pk": 34,
    "fields": {
        "name": "Can change chat",
        "content_type": 9,
        "codename": "change_chat"
    }
},
{
    "model": "auth.permission",
    "pk": 35,
    "fields": {
        "name": "Can delete chat",
        "content_type": 9,
        "codename": "delete_chat"
    }
},
{
    "model": "auth.permission",
    "pk": 36,
    "fields": {
        "name": "Can view chat",
        "content_type": 9,
        "codename": "view_chat"
    }
},
{
    "model": "auth.permission",
    "pk": 37,
    "fields": {
        "name": "Can add envio",
        "content_type": 10,
        "codename": "add_envio"
    }
},
{
    "model": "auth.permission",
    "pk": 38,
    "fields": {
        "name": "Can change envio",
        "content_type": 10,
        "codename": "change_envio"
    }
},
{
    "model": "auth.permission",
    "pk": 39,
    "fields": {
        "name": "Can delete envio",
        "content_type": 10,
        "codename": "delete_envio"
    }
},
{
    "model": "auth.permission",
    "pk": 40,
    "fields": {
        "name": "Can view envio",
        "content_type": 10,
        "codename": "view_envio"
    }
},
{
    "model": "auth.permission",
    "pk": 41,
    "fields": {
        "name": "Can add producto categoria",
        "content_type": 11,
        "codename": "add_productocategoria"
    }
},
{
    "model": "auth.permission",
    "pk": 42,
    "fields": {
        "name": "Can change producto categoria",
        "content_type": 11,
        "codename": "change_productocategoria"
    }
},
{
    "model": "auth.permission",
    "pk": 43,
    "fields": {
        "name": "Can delete producto categoria",
        "content_type": 11,
        "codename": "delete_productocategoria"
    }
},
{
    "model": "auth.permission",
    "pk": 44,
    "fields": {
        "name": "Can view producto categoria",
        "content_type": 11,
        "codename": "view_productocategoria"
    }
},
{
    "model": "auth.permission",
    "pk": 45,
    "fields": {
        "name": "Can add categoria",
        "content_type": 12,
        "codename": "add_categoria"
    }
},
{
    "model": "auth.permission",
    "pk": 46,
    "fields": {
        "name": "Can change categoria",
        "content_type": 12,
        "codename": "change_categoria"
    }
},
{
    "model": "auth.permission",
    "pk": 47,
    "fields": {
        "name": "Can delete categoria",
        "content_type": 12,
        "codename": "delete_categoria"
    }
},
{
    "model": "auth.permission",
    "pk": 48,
    "fields": {
        "name": "Can view categoria",
        "content_type": 12,
        "codename": "view_categoria"
    }
},
{
    "model": "auth.permission",
    "pk": 49,
    "fields": {
        "name": "Can add muebles",
        "content_type": 13,
        "codename": "add_muebles"
    }
},
{
    "model": "auth.permission",
    "pk": 50,
    "fields": {
        "name": "Can change muebles",
        "content_type": 13,
        "codename": "change_muebles"
    }
},
{
    "model": "auth.permission",
    "pk": 51,
    "fields": {
        "name": "Can delete muebles",
        "content_type": 13,
        "codename": "delete_muebles"
    }
},
{
    "model": "auth.permission",
    "pk": 52,
    "fields": {
        "name": "Can view muebles",
        "content_type": 13,
        "codename": "view_muebles"
    }
},
{
    "model": "auth.permission",
    "pk": 53,
    "fields": {
        "name": "Can add valoracion",
        "content_type": 14,
        "codename": "add_valoracion"
    }
},
{
    "model": "auth.permission",
    "pk": 54,
    "fields": {
        "name": "Can change valoracion",
        "content_type": 14,
        "codename": "change_valoracion"
    }
},
{
    "model": "auth.permission",
    "pk": 55,
    "fields": {
        "name": "Can delete valoracion",
        "content_type": 14,
        "codename": "delete_valoracion"
    }
},
{
    "model": "auth.permission",
    "pk": 56,
    "fields": {
        "name": "Can view valoracion",
        "content_type": 14,
        "codename": "view_valoracion"
    }
},
{
    "model": "auth.permission",
    "pk": 57,
    "fields": {
        "name": "Can add producto",
        "content_type": 15,
        "codename": "add_producto"
    }
},
{
    "model": "auth.permission",
    "pk": 58,
    "fields": {
        "name": "Can change producto",
        "content_type": 15,
        "codename": "change_producto"
    }
},
{
    "model": "auth.permission",
    "pk": 59,
    "fields": {
        "name": "Can delete producto",
        "content_type": 15,
        "codename": "delete_producto"
    }
},
{
    "model": "auth.permission",
    "pk": 60,
    "fields": {
        "name": "Can view producto",
        "content_type": 15,
        "codename": "view_producto"
    }
},
{
    "model": "auth.permission",
    "pk": 61,
    "fields": {
        "name": "Can add compra",
        "content_type": 16,
        "codename": "add_compra"
    }
},
{
    "model": "auth.permission",
    "pk": 62,
    "fields": {
        "name": "Can change compra",
        "content_type": 16,
        "codename": "change_compra"
    }
},
{
    "model": "auth.permission",
    "pk": 63,
    "fields": {
        "name": "Can delete compra",
        "content_type": 16,
        "codename": "delete_compra"
    }
},
{
    "model": "auth.permission",
    "pk": 64,
    "fields": {
        "name": "Can view compra",
        "content_type": 16,
        "codename": "view_compra"
    }
},
{
    "model": "auth.permission",
    "pk": 65,
    "fields": {
        "name": "Can add compra producto",
        "content_type": 17,
        "codename": "add_compraproducto"
    }
},
{
    "model": "auth.permission",
    "pk": 66,
    "fields": {
        "name": "Can change compra producto",
        "content_type": 17,
        "codename": "change_compraproducto"
    }
},
{
    "model": "auth.permission",
    "pk": 67,
    "fields": {
        "name": "Can delete compra producto",
        "content_type": 17,
        "codename": "delete_compraproducto"
    }
},
{
    "model": "auth.permission",
    "pk": 68,
    "fields": {
        "name": "Can view compra producto",
        "content_type": 17,
        "codename": "view_compraproducto"
    }
},
{
    "model": "contenttypes.contenttype",
    "pk": 1,
    "fields": {
        "app_label": "admin",
        "model": "logentry"
    }
},
{
    "model": "contenttypes.contenttype",
    "pk": 2,
    "fields": {
        "app_label": "auth",
        "model": "permission"
    }
},
{
    "model": "contenttypes.contenttype",
    "pk": 3,
    "fields": {
        "app_label": "auth",
        "model": "group"
    }
},
{
    "model": "contenttypes.contenttype",
    "pk": 4,
    "fields": {
        "app_label": "auth",
        "model": "user"
    }
},
{
    "model": "contenttypes.contenttype",
    "pk": 5,
    "fields": {
        "app_label": "contenttypes",
        "model": "contenttype"
    }
},
{
    "model": "contenttypes.contenttype",
    "pk": 6,
    "fields": {
        "app_label": "sessions",
        "model": "session"
    }
},
{
    "model": "contenttypes.contenttype",
    "pk": 7,
    "fields": {
        "app_label": "tienda",
        "model": "calzado"
    }
},
{
    "model": "contenttypes.contenttype",
    "pk": 8,
    "fields": {
        "app_label": "tienda",
        "model": "usuario"
    }
},
{
    "model": "contenttypes.contenttype",
    "pk": 9,
    "fields": {
        "app_label": "tienda",
        "model": "chat"
    }
},
{
    "model": "contenttypes.contenttype",
    "pk": 10,
    "fields": {
        "app_label": "tienda",
        "model": "envio"
    }
},
{
    "model": "contenttypes.contenttype",
    "pk": 11,
    "fields": {
        "app_label": "tienda",
        "model": "productocategoria"
    }
},
{
    "model": "contenttypes.contenttype",
    "pk": 12,
    "fields": {
        "app_label": "tienda",
        "model": "categoria"
    }
},
{
    "model": "contenttypes.contenttype",
    "pk": 13,
    "fields": {
        "app_label": "tienda",
        "model": "muebles"
    }
},
{
    "model": "contenttypes.contenttype",
    "pk": 14,
    "fields": {
        "app_label": "tienda",
        "model": "valoracion"
    }
},
{
    "model": "contenttypes.contenttype",
    "pk": 15,
    "fields": {
        "app_label": "tienda",
        "model": "producto"
    }
},
{
    "model": "contenttypes.contenttype",
    "pk": 16,
    "fields": {
        "app_label": "tienda",
        "model": "compra"
    }
},
{
    "model": "contenttypes.contenttype",
    "pk": 17,
    "fields": {
        "app_label": "tienda",
        "model": "compraproducto"
    }
},
{
    "model": "tienda.usuario",
    "pk": 1,
    "fields": {
        "nombre": "Particularly free indeed number approach.",
        "correo_electronico": "dawn87@example.com",
        "telefono": "Wonder.",
        "direccion": "Air her number understand sport."
    }
},
{
    "model": "tienda.usuario",
    "pk": 2,
    "fields": {
        "nombre": "War cup reveal west some above fall.",
        "correo_electronico": "jmontoya@example.org",
        "telefono": "Check.",
        "direccion": "Discuss expect may discuss. Teacher sister chance through.\nHave top relate upon run. Couple cell response successful necessary."
    }
},
{
    "model": "tienda.usuario",
    "pk": 3,
    "fields": {
        "nombre": "Rich never second piece western entire.",
        "correo_electronico": "eric25@example.com",
        "telefono": "Soon.",
        "direccion": "Receive product side travel. Statement major of out by go possible accept. Between interesting teach of."
    }
},
{
    "model": "tienda.usuario",
    "pk": 4,
    "fields": {
        "nombre": "Policy goal commercial finally well bad among.",
        "correo_electronico": "paullopez@example.org",
        "telefono": "Spend.",
        "direccion": "Trade now general guess her for. Book material skin character less activity.\nRange partner medical hard. Build trip soldier usually."
    }
},
{
    "model": "tienda.usuario",
    "pk": 5,
    "fields": {
        "nombre": "Admit the word and heart north during.",
        "correo_electronico": "cheryl12@example.com",
        "telefono": "Above.",
        "direccion": "Stock computer family throw. Health goal energy action rule hair responsibility."
    }
},
{
    "model": "tienda.usuario",
    "pk": 6,
    "fields": {
        "nombre": "Everyone difficult maintain drop answer.",
        "correo_electronico": "guy09@example.org",
        "telefono": "Will.",
        "direccion": "Mother political act teach ok table attack. Skill never program see game."
    }
},
{
    "model": "tienda.usuario",
    "pk": 7,
    "fields": {
        "nombre": "Member part fish alone. Money sure follow seem.",
        "correo_electronico": "halevincent@example.org",
        "telefono": "No wear.",
        "direccion": "Full analysis whom official. Able involve however call."
    }
},
{
    "model": "tienda.usuario",
    "pk": 8,
    "fields": {
        "nombre": "Table explain argue Democrat around company door.",
        "correo_electronico": "khunter@example.net",
        "telefono": "Most.",
        "direccion": "Career grow day stuff personal everybody structure court. Career board may huge accept class father."
    }
},
{
    "model": "tienda.usuario",
    "pk": 9,
    "fields": {
        "nombre": "Remain economic vote career box operation kind.",
        "correo_electronico": "timothy96@example.net",
        "telefono": "Both.",
        "direccion": "Teach position range southern edge describe see. Business note impact whose test. Media final deal book crime."
    }
},
{
    "model": "tienda.usuario",
    "pk": 10,
    "fields": {
        "nombre": "Street training politics almost everything system report.",
        "correo_electronico": "codybecker@example.org",
        "telefono": "Own.",
        "direccion": "Executive occur class cause. Of meeting behavior operation too store director."
    }
},
{
    "model": "tienda.usuario",
    "pk": 11,
    "fields": {
        "nombre": "Student everybody bit mention several him.",
        "correo_electronico": "chandlermary@example.org",
        "telefono": "Movement.",
        "direccion": "Off important western part operation usually. Media ball instead race four likely. Success budget military some."
    }
},
{
    "model": "tienda.usuario",
    "pk": 12,
    "fields": {
        "nombre": "Including entire friend buy.",
        "correo_electronico": "nicolegonzalez@example.com",
        "telefono": "South.",
        "direccion": "Wait common plan model place. Firm culture authority tonight support field popular."
    }
},
{
    "model": "tienda.usuario",
    "pk": 13,
    "fields": {
        "nombre": "Project main enough pay marriage how.",
        "correo_electronico": "uwalls@example.org",
        "telefono": "Kid.",
        "direccion": "Compare should green whatever interview. Region help likely some."
    }
},
{
    "model": "tienda.usuario",
    "pk": 14,
    "fields": {
        "nombre": "Value few cover reflect.",
        "correo_electronico": "kelsey85@example.net",
        "telefono": "Instead.",
        "direccion": "Seat time increase major stop. Rock agency term figure.\nInclude job list want or. Establish response rich year send piece."
    }
},
{
    "model": "tienda.usuario",
    "pk": 15,
    "fields": {
        "nombre": "Himself our analysis culture worry including.",
        "correo_electronico": "leahbarrett@example.org",
        "telefono": "Either.",
        "direccion": "Difficult admit you among. Police land hope religious property program.\nLeft off hope fund. On prevent practice sport parent certain."
    }
},
{
    "model": "tienda.categoria",
    "pk": 1,
    "fields": {
        "nombre": "Hard candidate win carry mouth move prove. Two great friend card standard step floor."
    }
},
{
    "model": "tienda.categoria",
    "pk": 2,
    "fields": {
        "nombre": "Office continue assume so well state."
    }
},
{
    "model": "tienda.categoria",
    "pk": 3,
    "fields": {
        "nombre": "Account other free every traditional place brother. Who situation morning."
    }
},
{
    "model": "tienda.categoria",
    "pk": 4,
    "fields": {
        "nombre": "Along response thousand. Tonight big its add."
    }
},
{
    "model": "tienda.categoria",
    "pk": 5,
    "fields": {
        "nombre": "Party nor food black officer oil follow. The shake side."
    }
},
{
    "model": "tienda.categoria",
    "pk": 6,
    "fields": {
        "nombre": "Figure player answer may. Shoulder voice character minute. Garden fight model above else nothing."
    }
},
{
    "model": "tienda.categoria",
    "pk": 7,
    "fields": {
        "nombre": "On meet discussion movement city establish. Few skin individual party news lose."
    }
},
{
    "model": "tienda.categoria",
    "pk": 8,
    "fields": {
        "nombre": "Safe long develop program site bit every. Environmental before dark occur."
    }
},
{
    "model": "tienda.categoria",
    "pk": 9,
    "fields": {
        "nombre": "Agency outside first base with letter main. Bring find study soon material."
    }
},
{
    "model": "tienda.categoria",
    "pk": 10,
    "fields": {
        "nombre": "Play how goal create. Level do appear."
    }
},
{
    "model": "tienda.categoria",
    "pk": 11,
    "fields": {
        "nombre": "Everybody happy oil public arrive. Night none way woman as season small. Last music account issue."
    }
},
{
    "model": "tienda.categoria",
    "pk": 12,
    "fields": {
        "nombre": "Final try bar miss position say. Pressure base always. Write policy new language attorney fact."
    }
},
{
    "model": "tienda.categoria",
    "pk": 13,
    "fields": {
        "nombre": "Over but TV room. Decision building customer health pass during."
    }
},
{
    "model": "tienda.categoria",
    "pk": 14,
    "fields": {
        "nombre": "Head success need several among. Medical play create art shake rise industry."
    }
},
{
    "model": "tienda.categoria",
    "pk": 15,
    "fields": {
        "nombre": "After operation dark light activity. Seat effect shoulder smile throw."
    }
},
{
    "model": "tienda.producto",
    "pk": 1,
    "fields": {
        "nombre": "Threat image series someone example subject among. Loss customer gun three.",
        "descripcion": "Here which guess site hot black. Table today from eight nation which. Less image stage for whether heart image.",
        "precio": "0.66",
        "estado": "MU",
        "vendedor": 6,
        "fecha_de_publicacion": "2024-10-17T17:17:32.914"
    }
},
{
    "model": "tienda.producto",
    "pk": 2,
    "fields": {
        "nombre": "Song I she. Staff surface why goal practice laugh investment. Federal real writer own image.",
        "descripcion": "Nor small account big physical fish happy rock. Yard project sign likely degree myself win to. Which ahead tough interesting no manager guess.",
        "precio": "0.85",
        "estado": "U",
        "vendedor": 12,
        "fecha_de_publicacion": "2024-10-17T17:17:32.914"
    }
},
{
    "model": "tienda.producto",
    "pk": 3,
    "fields": {
        "nombre": "Stuff answer brother film wall whose investment. Trouble likely rich agreement another above.",
        "descripcion": "Most in call front everyone give stop drop. Business relate gas watch right suggest front. Truth attorney federal citizen fight simply leader.",
        "precio": "0.87",
        "estado": "U",
        "vendedor": 1,
        "fecha_de_publicacion": "2024-10-17T17:17:32.914"
    }
},
{
    "model": "tienda.producto",
    "pk": 4,
    "fields": {
        "nombre": "State development author weight car notice least. Could manager wide watch.",
        "descripcion": "Fill big help only. Subject when level size step. During its figure special. Education same here up turn paper bill.",
        "precio": "0.83",
        "estado": "CN",
        "vendedor": 3,
        "fecha_de_publicacion": "2024-10-17T17:17:32.914"
    }
},
{
    "model": "tienda.producto",
    "pk": 5,
    "fields": {
        "nombre": "Range onto sing interview. Involve serve them answer. Career product music serve.",
        "descripcion": "Budget hard issue. Place enter among.\nWest information early end once. Gas process challenge animal piece picture bag American.",
        "precio": "0.38",
        "estado": "U",
        "vendedor": 15,
        "fecha_de_publicacion": "2024-10-17T17:17:32.914"
    }
},
{
    "model": "tienda.producto",
    "pk": 6,
    "fields": {
        "nombre": "Information imagine play various marriage. Tell hot conference food.",
        "descripcion": "She several customer understand trial. Above foot most in at. Skin interesting move state east.\nWhite last later accept opportunity why. Current TV you industry.",
        "precio": "0.89",
        "estado": "MU",
        "vendedor": 12,
        "fecha_de_publicacion": "2024-10-17T17:17:32.914"
    }
},
{
    "model": "tienda.producto",
    "pk": 7,
    "fields": {
        "nombre": "Thing east into create. Term wear prove exist bag end several book. Hotel sea consumer whole.",
        "descripcion": "Ask letter ago good edge. Do amount he whom watch.\nResult attack produce into I. Realize player much tree. Certainly civil book care.\nTraditional recent performance radio member probably opportunity.",
        "precio": "0.30",
        "estado": "CN",
        "vendedor": 2,
        "fecha_de_publicacion": "2024-10-17T17:17:32.914"
    }
},
{
    "model": "tienda.producto",
    "pk": 8,
    "fields": {
        "nombre": "Size of campaign. Real near small continue. Democrat suffer city source doctor instead situation.",
        "descripcion": "Look whether economy similar place. Become last these middle night relationship particular.",
        "precio": "0.24",
        "estado": "U",
        "vendedor": 9,
        "fecha_de_publicacion": "2024-10-17T17:17:32.914"
    }
},
{
    "model": "tienda.producto",
    "pk": 9,
    "fields": {
        "nombre": "Particular middle reality suffer remember either become.",
        "descripcion": "Economic trip half machine character.\nGreen spend movement safe their think candidate. Allow film poor. Ask describe point half its let.\nCause window candidate director them start.",
        "precio": "0.50",
        "estado": "U",
        "vendedor": 2,
        "fecha_de_publicacion": "2024-10-17T17:17:32.914"
    }
},
{
    "model": "tienda.producto",
    "pk": 10,
    "fields": {
        "nombre": "Create arrive strategy quality throughout. Clearly project scientist group.",
        "descripcion": "Office stop environmental catch pass music huge. Institution think dog debate eye apply. Worker might community song skill listen measure.",
        "precio": "0.50",
        "estado": "U",
        "vendedor": 13,
        "fecha_de_publicacion": "2024-10-17T17:17:32.914"
    }
},
{
    "model": "tienda.producto",
    "pk": 11,
    "fields": {
        "nombre": "Building bag affect view right often. Direction can seem order worker fact result.",
        "descripcion": "Top lose continue firm both career realize purpose. Hear add true drive require. Fine vote be peace open.",
        "precio": "0.22",
        "estado": "CN",
        "vendedor": 3,
        "fecha_de_publicacion": "2024-10-17T17:17:32.914"
    }
},
{
    "model": "tienda.producto",
    "pk": 12,
    "fields": {
        "nombre": "Beat create side above white us. Of history experience south look goal. Its animal per.",
        "descripcion": "Subject hair group ball several figure. Door tax computer similar around budget away any. Matter adult natural.\nNot discover suffer election have officer. Onto seven form.",
        "precio": "0.58",
        "estado": "U",
        "vendedor": 10,
        "fecha_de_publicacion": "2024-10-17T17:17:32.914"
    }
},
{
    "model": "tienda.producto",
    "pk": 13,
    "fields": {
        "nombre": "Soon job suddenly budget public test power dream. Effort compare performance.",
        "descripcion": "Table face month. Without wind second example sport.\nWear decide never cell suffer entire. Seek ability government window police administration such. While today sell any crime third I.",
        "precio": "0.30",
        "estado": "U",
        "vendedor": 9,
        "fecha_de_publicacion": "2024-10-17T17:17:32.914"
    }
},
{
    "model": "tienda.producto",
    "pk": 14,
    "fields": {
        "nombre": "Contain indeed letter goal. Sound require trip no similar area.",
        "descripcion": "Wear compare city detail tend ten. Thousand bar himself seven knowledge for student. Focus who through another growth list.",
        "precio": "0.25",
        "estado": "U",
        "vendedor": 1,
        "fecha_de_publicacion": "2024-10-17T17:17:32.914"
    }
},
{
    "model": "tienda.producto",
    "pk": 15,
    "fields": {
        "nombre": "Price talk determine actually together marriage coach member. Rise sit manager young as person.",
        "descripcion": "Speak professor increase offer happy. Expect ever president. Build thank improve.\nWeek by write early wonder treat tax. Each movement property population. May range his sign herself.",
        "precio": "0.22",
        "estado": "CN",
        "vendedor": 14,
        "fecha_de_publicacion": "2024-10-17T17:17:32.914"
    }
},
{
    "model": "tienda.productocategoria",
    "pk": 1,
    "fields": {
        "producto": 1,
        "categoria": 9
    }
},
{
    "model": "tienda.productocategoria",
    "pk": 2,
    "fields": {
        "producto": 1,
        "categoria": 1
    }
},
{
    "model": "tienda.productocategoria",
    "pk": 3,
    "fields": {
        "producto": 1,
        "categoria": 11
    }
},
{
    "model": "tienda.productocategoria",
    "pk": 4,
    "fields": {
        "producto": 2,
        "categoria": 14
    }
},
{
    "model": "tienda.productocategoria",
    "pk": 5,
    "fields": {
        "producto": 2,
        "categoria": 3
    }
},
{
    "model": "tienda.productocategoria",
    "pk": 6,
    "fields": {
        "producto": 2,
        "categoria": 13
    }
},
{
    "model": "tienda.productocategoria",
    "pk": 7,
    "fields": {
        "producto": 3,
        "categoria": 8
    }
},
{
    "model": "tienda.productocategoria",
    "pk": 8,
    "fields": {
        "producto": 3,
        "categoria": 10
    }
},
{
    "model": "tienda.productocategoria",
    "pk": 9,
    "fields": {
        "producto": 3,
        "categoria": 9
    }
},
{
    "model": "tienda.productocategoria",
    "pk": 10,
    "fields": {
        "producto": 4,
        "categoria": 5
    }
},
{
    "model": "tienda.productocategoria",
    "pk": 11,
    "fields": {
        "producto": 4,
        "categoria": 8
    }
},
{
    "model": "tienda.productocategoria",
    "pk": 12,
    "fields": {
        "producto": 4,
        "categoria": 7
    }
},
{
    "model": "tienda.productocategoria",
    "pk": 13,
    "fields": {
        "producto": 5,
        "categoria": 1
    }
},
{
    "model": "tienda.productocategoria",
    "pk": 14,
    "fields": {
        "producto": 5,
        "categoria": 14
    }
},
{
    "model": "tienda.productocategoria",
    "pk": 15,
    "fields": {
        "producto": 5,
        "categoria": 11
    }
},
{
    "model": "tienda.productocategoria",
    "pk": 16,
    "fields": {
        "producto": 5,
        "categoria": 4
    }
},
{
    "model": "tienda.productocategoria",
    "pk": 17,
    "fields": {
        "producto": 6,
        "categoria": 14
    }
},
{
    "model": "tienda.productocategoria",
    "pk": 18,
    "fields": {
        "producto": 6,
        "categoria": 12
    }
},
{
    "model": "tienda.productocategoria",
    "pk": 19,
    "fields": {
        "producto": 7,
        "categoria": 8
    }
},
{
    "model": "tienda.productocategoria",
    "pk": 20,
    "fields": {
        "producto": 7,
        "categoria": 14
    }
},
{
    "model": "tienda.productocategoria",
    "pk": 21,
    "fields": {
        "producto": 8,
        "categoria": 1
    }
},
{
    "model": "tienda.productocategoria",
    "pk": 22,
    "fields": {
        "producto": 8,
        "categoria": 12
    }
},
{
    "model": "tienda.productocategoria",
    "pk": 23,
    "fields": {
        "producto": 9,
        "categoria": 15
    }
},
{
    "model": "tienda.productocategoria",
    "pk": 24,
    "fields": {
        "producto": 9,
        "categoria": 14
    }
},
{
    "model": "tienda.productocategoria",
    "pk": 25,
    "fields": {
        "producto": 9,
        "categoria": 5
    }
},
{
    "model": "tienda.productocategoria",
    "pk": 26,
    "fields": {
        "producto": 9,
        "categoria": 6
    }
},
{
    "model": "tienda.productocategoria",
    "pk": 27,
    "fields": {
        "producto": 10,
        "categoria": 7
    }
},
{
    "model": "tienda.productocategoria",
    "pk": 28,
    "fields": {
        "producto": 10,
        "categoria": 9
    }
},
{
    "model": "tienda.productocategoria",
    "pk": 29,
    "fields": {
        "producto": 11,
        "categoria": 1
    }
},
{
    "model": "tienda.productocategoria",
    "pk": 30,
    "fields": {
        "producto": 12,
        "categoria": 6
    }
},
{
    "model": "tienda.productocategoria",
    "pk": 31,
    "fields": {
        "producto": 13,
        "categoria": 4
    }
},
{
    "model": "tienda.productocategoria",
    "pk": 32,
    "fields": {
        "producto": 14,
        "categoria": 3
    }
},
{
    "model": "tienda.productocategoria",
    "pk": 33,
    "fields": {
        "producto": 14,
        "categoria": 7
    }
},
{
    "model": "tienda.productocategoria",
    "pk": 34,
    "fields": {
        "producto": 14,
        "categoria": 15
    }
},
{
    "model": "tienda.productocategoria",
    "pk": 35,
    "fields": {
        "producto": 14,
        "categoria": 11
    }
},
{
    "model": "tienda.productocategoria",
    "pk": 36,
    "fields": {
        "producto": 15,
        "categoria": 5
    }
},
{
    "model": "tienda.productocategoria",
    "pk": 37,
    "fields": {
        "producto": 15,
        "categoria": 14
    }
},
{
    "model": "tienda.productocategoria",
    "pk": 38,
    "fields": {
        "producto": 7,
        "categoria": 3
    }
},
{
    "model": "tienda.productocategoria",
    "pk": 39,
    "fields": {
        "producto": 1,
        "categoria": 5
    }
},
{
    "model": "tienda.productocategoria",
    "pk": 40,
    "fields": {
        "producto": 10,
        "categoria": 5
    }
},
{
    "model": "tienda.productocategoria",
    "pk": 41,
    "fields": {
        "producto": 7,
        "categoria": 7
    }
},
{
    "model": "tienda.productocategoria",
    "pk": 42,
    "fields": {
        "producto": 5,
        "categoria": 1
    }
},
{
    "model": "tienda.productocategoria",
    "pk": 43,
    "fields": {
        "producto": 10,
        "categoria": 13
    }
},
{
    "model": "tienda.productocategoria",
    "pk": 44,
    "fields": {
        "producto": 8,
        "categoria": 8
    }
},
{
    "model": "tienda.productocategoria",
    "pk": 45,
    "fields": {
        "producto": 10,
        "categoria": 10
    }
},
{
    "model": "tienda.productocategoria",
    "pk": 46,
    "fields": {
        "producto": 14,
        "categoria": 7
    }
},
{
    "model": "tienda.productocategoria",
    "pk": 47,
    "fields": {
        "producto": 15,
        "categoria": 8
    }
},
{
    "model": "tienda.productocategoria",
    "pk": 48,
    "fields": {
        "producto": 10,
        "categoria": 15
    }
},
{
    "model": "tienda.productocategoria",
    "pk": 49,
    "fields": {
        "producto": 15,
        "categoria": 2
    }
},
{
    "model": "tienda.productocategoria",
    "pk": 50,
    "fields": {
        "producto": 1,
        "categoria": 5
    }
},
{
    "model": "tienda.productocategoria",
    "pk": 51,
    "fields": {
        "producto": 10,
        "categoria": 7
    }
},
{
    "model": "tienda.productocategoria",
    "pk": 52,
    "fields": {
        "producto": 4,
        "categoria": 5
    }
},
{
    "model": "tienda.calzado",
    "pk": 1,
    "fields": {
        "producto": 3,
        "talla": "fi",
        "marca": "PUMA",
        "color": "His lot among which.",
        "material": "Up hope other window."
    }
},
{
    "model": "tienda.calzado",
    "pk": 2,
    "fields": {
        "producto": 13,
        "talla": "sp",
        "marca": "RBK",
        "color": "Happy minute.",
        "material": "Huge imagine scene."
    }
},
{
    "model": "tienda.calzado",
    "pk": 3,
    "fields": {
        "producto": 1,
        "talla": "na",
        "marca": "PUMA",
        "color": "Leg step move.",
        "material": "Ability interview though."
    }
},
{
    "model": "tienda.calzado",
    "pk": 4,
    "fields": {
        "producto": 7,
        "talla": "st",
        "marca": "NB",
        "color": "People part crime.",
        "material": "No decade window."
    }
},
{
    "model": "tienda.calzado",
    "pk": 5,
    "fields": {
        "producto": 5,
        "talla": "te",
        "marca": "PUMA",
        "color": "Leader improve whom.",
        "material": "Low phone rather strong."
    }
},
{
    "model": "tienda.calzado",
    "pk": 6,
    "fields": {
        "producto": 15,
        "talla": "pl",
        "marca": "CLRK",
        "color": "Western difficult.",
        "material": "Manage also contain project."
    }
},
{
    "model": "tienda.calzado",
    "pk": 7,
    "fields": {
        "producto": 11,
        "talla": "lo",
        "marca": "CLRK",
        "color": "Law kid soon long.",
        "material": "Room former beautiful."
    }
},
{
    "model": "tienda.calzado",
    "pk": 8,
    "fields": {
        "producto": 8,
        "talla": "ma",
        "marca": "GUCCI",
        "color": "Hot fund college.",
        "material": "Order sense spend."
    }
},
{
    "model": "tienda.calzado",
    "pk": 9,
    "fields": {
        "producto": 9,
        "talla": "te",
        "marca": "RBK",
        "color": "Full suggest.",
        "material": "Site he choice could."
    }
},
{
    "model": "tienda.calzado",
    "pk": 10,
    "fields": {
        "producto": 2,
        "talla": "tr",
        "marca": "RBK",
        "color": "Dog peace way.",
        "material": "Budget some real."
    }
},
{
    "model": "tienda.calzado",
    "pk": 11,
    "fields": {
        "producto": 10,
        "talla": "sp",
        "marca": "ADID",
        "color": "Hospital our find.",
        "material": "Point whose tend."
    }
},
{
    "model": "tienda.calzado",
    "pk": 12,
    "fields": {
        "producto": 4,
        "talla": "re",
        "marca": "PUMA",
        "color": "Agent court sport.",
        "material": "Within animal many own."
    }
},
{
    "model": "tienda.calzado",
    "pk": 13,
    "fields": {
        "producto": 12,
        "talla": "se",
        "marca": "ADID",
        "color": "Sell year choice.",
        "material": "Still candidate team action."
    }
},
{
    "model": "tienda.calzado",
    "pk": 14,
    "fields": {
        "producto": 6,
        "talla": "so",
        "marca": "RBK",
        "color": "Similar understand.",
        "material": "Just age grow accept."
    }
},
{
    "model": "tienda.calzado",
    "pk": 15,
    "fields": {
        "producto": 14,
        "talla": "ma",
        "marca": "GUCCI",
        "color": "If poor finish.",
        "material": "Above plan event boy."
    }
},
{
    "model": "tienda.muebles",
    "pk": 1,
    "fields": {
        "producto": 14,
        "material": "Form interview firm make.",
        "ancho": 0.3916021026436415,
        "alto": 0.9117941694797467,
        "profundidad": 0.5492484786625469,
        "peso": 18835
    }
},
{
    "model": "tienda.muebles",
    "pk": 2,
    "fields": {
        "producto": 8,
        "material": "Nothing seek rise share.",
        "ancho": 0.5553150825260387,
        "alto": 0.6429550670613232,
        "profundidad": 0.9355335579135254,
        "peso": 18299
    }
},
{
    "model": "tienda.muebles",
    "pk": 3,
    "fields": {
        "producto": 1,
        "material": "Save smile might vote.",
        "ancho": 0.5020039235267829,
        "alto": 0.516800513327512,
        "profundidad": 0.7470833360072637,
        "peso": 8550
    }
},
{
    "model": "tienda.muebles",
    "pk": 4,
    "fields": {
        "producto": 10,
        "material": "Right black cut low.",
        "ancho": 0.5369774941427132,
        "alto": 0.6850903476727273,
        "profundidad": 0.5418370740336801,
        "peso": 4609
    }
},
{
    "model": "tienda.muebles",
    "pk": 5,
    "fields": {
        "producto": 15,
        "material": "Water throw authority film.",
        "ancho": 0.826236455375831,
        "alto": 0.4085621219107478,
        "profundidad": 0.2600985847929941,
        "peso": 5683
    }
},
{
    "model": "tienda.muebles",
    "pk": 6,
    "fields": {
        "producto": 6,
        "material": "Hotel require development.",
        "ancho": 0.5966240141560188,
        "alto": 0.2973551237330174,
        "profundidad": 0.2549187706405214,
        "peso": -31246
    }
},
{
    "model": "tienda.muebles",
    "pk": 7,
    "fields": {
        "producto": 7,
        "material": "Law its six need yes his.",
        "ancho": 0.39279148118306806,
        "alto": 0.15030091167706017,
        "profundidad": 0.3898843237628399,
        "peso": -22402
    }
},
{
    "model": "tienda.muebles",
    "pk": 8,
    "fields": {
        "producto": 11,
        "material": "Believe example player today.",
        "ancho": 0.5878361034691998,
        "alto": 0.9476460892224992,
        "profundidad": 0.26069513061583904,
        "peso": 2421
    }
},
{
    "model": "tienda.muebles",
    "pk": 9,
    "fields": {
        "producto": 2,
        "material": "Candidate nor his will.",
        "ancho": 0.862788087101932,
        "alto": 0.7736044996938222,
        "profundidad": 0.6793392409995892,
        "peso": 17622
    }
},
{
    "model": "tienda.muebles",
    "pk": 10,
    "fields": {
        "producto": 3,
        "material": "Either option bar lose exist.",
        "ancho": 0.7113325767019434,
        "alto": 0.5796220721814666,
        "profundidad": 0.43178714554617303,
        "peso": 30899
    }
},
{
    "model": "tienda.muebles",
    "pk": 11,
    "fields": {
        "producto": 12,
        "material": "Center car sure.",
        "ancho": 0.6064401658782058,
        "alto": 0.1861708294843829,
        "profundidad": 0.4534721245557384,
        "peso": -24943
    }
},
{
    "model": "tienda.muebles",
    "pk": 12,
    "fields": {
        "producto": 9,
        "material": "Sport notice send.",
        "ancho": 0.7619219138906285,
        "alto": 0.3936927427797978,
        "profundidad": 0.5934688139197464,
        "peso": -12270
    }
},
{
    "model": "tienda.muebles",
    "pk": 13,
    "fields": {
        "producto": 4,
        "material": "As face board dog our.",
        "ancho": 0.5807962749520565,
        "alto": 0.7298685440005571,
        "profundidad": 0.8156087433387679,
        "peso": -2093
    }
},
{
    "model": "tienda.muebles",
    "pk": 14,
    "fields": {
        "producto": 13,
        "material": "Health toward court.",
        "ancho": 0.27617602785913953,
        "alto": 0.23515099329444578,
        "profundidad": 0.08102658977952937,
        "peso": -1279
    }
},
{
    "model": "tienda.muebles",
    "pk": 15,
    "fields": {
        "producto": 5,
        "material": "Put its hot final central.",
        "ancho": 0.2609132619725333,
        "alto": 0.766309369295408,
        "profundidad": 0.12862800122802365,
        "peso": -31250
    }
},
{
    "model": "tienda.chat",
    "pk": 1,
    "fields": {
        "usuario1": 8,
        "usuario2": 8,
        "fecha_inicio": "2024-10-17T17:17:32.914",
        "fecha_fin": "1997-07-27T08:39:48.042"
    }
},
{
    "model": "tienda.chat",
    "pk": 2,
    "fields": {
        "usuario1": 12,
        "usuario2": 6,
        "fecha_inicio": "2024-10-17T17:17:32.914",
        "fecha_fin": "2023-01-29T04:01:57.197"
    }
},
{
    "model": "tienda.chat",
    "pk": 3,
    "fields": {
        "usuario1": 13,
        "usuario2": 14,
        "fecha_inicio": "2024-10-17T17:17:32.914",
        "fecha_fin": "1989-03-04T21:17:53.883"
    }
},
{
    "model": "tienda.chat",
    "pk": 4,
    "fields": {
        "usuario1": 5,
        "usuario2": 10,
        "fecha_inicio": "2024-10-17T17:17:32.914",
        "fecha_fin": "2005-10-22T21:45:14.294"
    }
},
{
    "model": "tienda.chat",
    "pk": 5,
    "fields": {
        "usuario1": 4,
        "usuario2": 14,
        "fecha_inicio": "2024-10-17T17:17:32.914",
        "fecha_fin": "1975-10-08T00:13:15.017"
    }
},
{
    "model": "tienda.chat",
    "pk": 6,
    "fields": {
        "usuario1": 9,
        "usuario2": 10,
        "fecha_inicio": "2024-10-17T17:17:32.914",
        "fecha_fin": "1989-03-19T17:33:13.142"
    }
},
{
    "model": "tienda.chat",
    "pk": 7,
    "fields": {
        "usuario1": 4,
        "usuario2": 2,
        "fecha_inicio": "2024-10-17T17:17:32.914",
        "fecha_fin": "2004-08-06T16:21:30.300"
    }
},
{
    "model": "tienda.chat",
    "pk": 8,
    "fields": {
        "usuario1": 3,
        "usuario2": 12,
        "fecha_inicio": "2024-10-17T17:17:32.914",
        "fecha_fin": "1976-05-10T20:51:15.468"
    }
},
{
    "model": "tienda.chat",
    "pk": 9,
    "fields": {
        "usuario1": 6,
        "usuario2": 1,
        "fecha_inicio": "2024-10-17T17:17:32.914",
        "fecha_fin": "1995-10-24T10:13:50.491"
    }
},
{
    "model": "tienda.chat",
    "pk": 10,
    "fields": {
        "usuario1": 6,
        "usuario2": 9,
        "fecha_inicio": "2024-10-17T17:17:32.914",
        "fecha_fin": "1994-04-26T10:41:15.165"
    }
},
{
    "model": "tienda.chat",
    "pk": 11,
    "fields": {
        "usuario1": 8,
        "usuario2": 5,
        "fecha_inicio": "2024-10-17T17:17:32.914",
        "fecha_fin": "2001-11-16T16:53:46.560"
    }
},
{
    "model": "tienda.chat",
    "pk": 12,
    "fields": {
        "usuario1": 3,
        "usuario2": 4,
        "fecha_inicio": "2024-10-17T17:17:32.914",
        "fecha_fin": "1995-06-23T09:01:22.653"
    }
},
{
    "model": "tienda.chat",
    "pk": 13,
    "fields": {
        "usuario1": 3,
        "usuario2": 1,
        "fecha_inicio": "2024-10-17T17:17:32.914",
        "fecha_fin": "2019-04-26T18:24:54.532"
    }
},
{
    "model": "tienda.chat",
    "pk": 14,
    "fields": {
        "usuario1": 5,
        "usuario2": 11,
        "fecha_inicio": "2024-10-17T17:17:32.914",
        "fecha_fin": "1987-05-17T01:18:01.328"
    }
},
{
    "model": "tienda.chat",
    "pk": 15,
    "fields": {
        "usuario1": 9,
        "usuario2": 13,
        "fecha_inicio": "2024-10-17T17:17:32.914",
        "fecha_fin": "2009-02-13T18:10:18.721"
    }
},
{
    "model": "tienda.compra",
    "pk": 1,
    "fields": {
        "comprador": 8,
        "vendedor": 2,
        "fecha_compra": "2024-10-17T17:17:32.914",
        "total": "0.99"
    }
},
{
    "model": "tienda.compra",
    "pk": 2,
    "fields": {
        "comprador": 7,
        "vendedor": 8,
        "fecha_compra": "2024-10-17T17:17:32.914",
        "total": "0.80"
    }
},
{
    "model": "tienda.compra",
    "pk": 3,
    "fields": {
        "comprador": 12,
        "vendedor": 13,
        "fecha_compra": "2024-10-17T17:17:32.914",
        "total": "0.19"
    }
},
{
    "model": "tienda.compra",
    "pk": 4,
    "fields": {
        "comprador": 14,
        "vendedor": 5,
        "fecha_compra": "2024-10-17T17:17:32.914",
        "total": "0.96"
    }
},
{
    "model": "tienda.compra",
    "pk": 5,
    "fields": {
        "comprador": 15,
        "vendedor": 10,
        "fecha_compra": "2024-10-17T17:17:32.914",
        "total": "0.20"
    }
},
{
    "model": "tienda.compra",
    "pk": 6,
    "fields": {
        "comprador": 4,
        "vendedor": 11,
        "fecha_compra": "2024-10-17T17:17:32.914",
        "total": "0.78"
    }
},
{
    "model": "tienda.compra",
    "pk": 7,
    "fields": {
        "comprador": 2,
        "vendedor": 9,
        "fecha_compra": "2024-10-17T17:17:32.914",
        "total": "0.96"
    }
},
{
    "model": "tienda.compra",
    "pk": 8,
    "fields": {
        "comprador": 3,
        "vendedor": 11,
        "fecha_compra": "2024-10-17T17:17:32.914",
        "total": "0.10"
    }
},
{
    "model": "tienda.compra",
    "pk": 9,
    "fields": {
        "comprador": 3,
        "vendedor": 3,
        "fecha_compra": "2024-10-17T17:17:32.914",
        "total": "0.48"
    }
},
{
    "model": "tienda.compra",
    "pk": 10,
    "fields": {
        "comprador": 4,
        "vendedor": 1,
        "fecha_compra": "2024-10-17T17:17:32.914",
        "total": "0.99"
    }
},
{
    "model": "tienda.compra",
    "pk": 11,
    "fields": {
        "comprador": 4,
        "vendedor": 15,
        "fecha_compra": "2024-10-17T17:17:32.914",
        "total": "0.78"
    }
},
{
    "model": "tienda.compra",
    "pk": 12,
    "fields": {
        "comprador": 3,
        "vendedor": 2,
        "fecha_compra": "2024-10-17T17:17:32.914",
        "total": "0.41"
    }
},
{
    "model": "tienda.compra",
    "pk": 13,
    "fields": {
        "comprador": 6,
        "vendedor": 10,
        "fecha_compra": "2024-10-17T17:17:32.914",
        "total": "0.16"
    }
},
{
    "model": "tienda.compra",
    "pk": 14,
    "fields": {
        "comprador": 4,
        "vendedor": 14,
        "fecha_compra": "2024-10-17T17:17:32.914",
        "total": "0.65"
    }
},
{
    "model": "tienda.compra",
    "pk": 15,
    "fields": {
        "comprador": 13,
        "vendedor": 11,
        "fecha_compra": "2024-10-17T17:17:32.914",
        "total": "0.43"
    }
},
{
    "model": "tienda.compraproducto",
    "pk": 1,
    "fields": {
        "compra": 8,
        "producto": 2,
        "cantidad": -27503,
        "precio_unitario": "0.20",
        "subtotal": "0.74",
        "descuento": "0.10"
    }
},
{
    "model": "tienda.compraproducto",
    "pk": 2,
    "fields": {
        "compra": 9,
        "producto": 3,
        "cantidad": -18526,
        "precio_unitario": "0.97",
        "subtotal": "0.47",
        "descuento": "0.94"
    }
},
{
    "model": "tienda.compraproducto",
    "pk": 3,
    "fields": {
        "compra": 12,
        "producto": 7,
        "cantidad": 1212,
        "precio_unitario": "0.15",
        "subtotal": "0.43",
        "descuento": "0.48"
    }
},
{
    "model": "tienda.compraproducto",
    "pk": 4,
    "fields": {
        "compra": 15,
        "producto": 11,
        "cantidad": 20745,
        "precio_unitario": "0.91",
        "subtotal": "0.55",
        "descuento": "0.26"
    }
},
{
    "model": "tienda.compraproducto",
    "pk": 5,
    "fields": {
        "compra": 4,
        "producto": 14,
        "cantidad": -4142,
        "precio_unitario": "0.08",
        "subtotal": "0.34",
        "descuento": "0.81"
    }
},
{
    "model": "tienda.compraproducto",
    "pk": 6,
    "fields": {
        "compra": 13,
        "producto": 6,
        "cantidad": 17116,
        "precio_unitario": "0.55",
        "subtotal": "0.77",
        "descuento": "0.06"
    }
},
{
    "model": "tienda.compraproducto",
    "pk": 7,
    "fields": {
        "compra": 14,
        "producto": 9,
        "cantidad": -31152,
        "precio_unitario": "0.24",
        "subtotal": "0.86",
        "descuento": "0.35"
    }
},
{
    "model": "tienda.compraproducto",
    "pk": 8,
    "fields": {
        "compra": 11,
        "producto": 11,
        "cantidad": -9324,
        "precio_unitario": "0.44",
        "subtotal": "0.28",
        "descuento": "0.60"
    }
},
{
    "model": "tienda.compraproducto",
    "pk": 9,
    "fields": {
        "compra": 7,
        "producto": 12,
        "cantidad": -11710,
        "precio_unitario": "0.93",
        "subtotal": "0.79",
        "descuento": "0.11"
    }
},
{
    "model": "tienda.compraproducto",
    "pk": 10,
    "fields": {
        "compra": 7,
        "producto": 6,
        "cantidad": -27383,
        "precio_unitario": "0.15",
        "subtotal": "0.04",
        "descuento": "0.78"
    }
},
{
    "model": "tienda.compraproducto",
    "pk": 11,
    "fields": {
        "compra": 6,
        "producto": 9,
        "cantidad": -13156,
        "precio_unitario": "0.45",
        "subtotal": "0.66",
        "descuento": "0.16"
    }
},
{
    "model": "tienda.compraproducto",
    "pk": 12,
    "fields": {
        "compra": 13,
        "producto": 3,
        "cantidad": 3089,
        "precio_unitario": "0.58",
        "subtotal": "0.72",
        "descuento": "0.69"
    }
},
{
    "model": "tienda.compraproducto",
    "pk": 13,
    "fields": {
        "compra": 5,
        "producto": 7,
        "cantidad": -31942,
        "precio_unitario": "0.34",
        "subtotal": "0.78",
        "descuento": "0.55"
    }
},
{
    "model": "tienda.compraproducto",
    "pk": 14,
    "fields": {
        "compra": 1,
        "producto": 12,
        "cantidad": -7635,
        "precio_unitario": "0.32",
        "subtotal": "0.56",
        "descuento": "0.16"
    }
},
{
    "model": "tienda.compraproducto",
    "pk": 15,
    "fields": {
        "compra": 1,
        "producto": 2,
        "cantidad": 21578,
        "precio_unitario": "0.01",
        "subtotal": "0.94",
        "descuento": "0.49"
    }
},
{
    "model": "tienda.envio",
    "pk": 1,
    "fields": {
        "compra": 11,
        "direccion": "Low laugh beat appear chair need. National start scientist modern family. Everyone issue foreign card include reduce mother better.",
        "fecha_envio": "2013-03-21T06:03:31.195",
        "fecha_recepcion": "2011-05-30T01:44:53.120"
    }
},
{
    "model": "tienda.envio",
    "pk": 2,
    "fields": {
        "compra": 10,
        "direccion": "Space shake exactly help. Price spend none stuff matter. Let enter charge focus seat. Us actually usually point since.\nPopular majority eight teach the.",
        "fecha_envio": "1993-09-03T01:24:54.572",
        "fecha_recepcion": "2011-04-21T05:02:13.798"
    }
},
{
    "model": "tienda.envio",
    "pk": 3,
    "fields": {
        "compra": 12,
        "direccion": "Too sit wonder entire garden pretty score. Lose sell look paper find protect carry.",
        "fecha_envio": "2006-04-30T17:18:39.157",
        "fecha_recepcion": "2002-06-23T19:44:50.931"
    }
},
{
    "model": "tienda.envio",
    "pk": 4,
    "fields": {
        "compra": 15,
        "direccion": "Address or offer at its popular. Through friend pull clearly. Open change job agent add my of trial.\nInternational keep cultural history century something paper. Prepare discussion us body even.",
        "fecha_envio": "1972-09-26T06:07:16.271",
        "fecha_recepcion": "1986-07-13T06:44:51.380"
    }
},
{
    "model": "tienda.envio",
    "pk": 5,
    "fields": {
        "compra": 2,
        "direccion": "War ever member character animal yard.\nStory structure type all total woman like. Election long fill. Look still at go positive realize peace sound.",
        "fecha_envio": "2014-09-29T18:12:44.294",
        "fecha_recepcion": "1974-05-03T02:20:25.499"
    }
},
{
    "model": "tienda.envio",
    "pk": 6,
    "fields": {
        "compra": 3,
        "direccion": "Response ground resource whatever reveal. At cultural behavior among bill.\nMaybe stuff election each other where. Pick defense hour if particularly. Reality environment improve buy.",
        "fecha_envio": "2006-04-08T15:13:36.797",
        "fecha_recepcion": "1988-05-07T03:39:10.725"
    }
},
{
    "model": "tienda.envio",
    "pk": 7,
    "fields": {
        "compra": 14,
        "direccion": "Boy nor deal from likely state. Audience section protect level.\nArgue economy senior. Mind step various difficult raise.",
        "fecha_envio": "1979-03-24T19:43:30.750",
        "fecha_recepcion": "1971-02-14T01:51:52.061"
    }
},
{
    "model": "tienda.envio",
    "pk": 8,
    "fields": {
        "compra": 6,
        "direccion": "Certain sea interest skill customer. Story sing local meeting music age once.\nList boy politics like for since season. So growth enjoy once into blue. Wall a necessary specific hot city ask.",
        "fecha_envio": "1985-09-06T15:18:43.647",
        "fecha_recepcion": "2002-02-15T21:50:16.198"
    }
},
{
    "model": "tienda.envio",
    "pk": 9,
    "fields": {
        "compra": 8,
        "direccion": "In clear tell maybe. Close change any table. Generation yard happy sound even material green friend. Need he letter every artist record.\nDrive talk lot stop. Chair hard thousand street.",
        "fecha_envio": "1995-10-08T12:30:57.687",
        "fecha_recepcion": "2008-12-18T13:05:55.871"
    }
},
{
    "model": "tienda.envio",
    "pk": 10,
    "fields": {
        "compra": 7,
        "direccion": "Story certain half beyond same one those. Democratic card mind catch Congress I almost. Major check including.\nCar involve bed wrong friend first white detail. Score sense century college.",
        "fecha_envio": "1978-11-26T21:57:31.955",
        "fecha_recepcion": "1994-09-08T01:38:17.941"
    }
},
{
    "model": "tienda.envio",
    "pk": 11,
    "fields": {
        "compra": 5,
        "direccion": "Of put expert identify group edge election. Behavior try although usually.\nItself film main director. Budget kitchen nearly weight picture. Point raise investment easy.",
        "fecha_envio": "1985-08-28T13:10:37.861",
        "fecha_recepcion": "1997-04-10T07:03:19.868"
    }
},
{
    "model": "tienda.envio",
    "pk": 12,
    "fields": {
        "compra": 4,
        "direccion": "Build eight daughter expert third street. Management mouth lot trip system rule. Audience prove seat which.\nWalk for want writer sea reflect. President industry stay soon PM yeah.",
        "fecha_envio": "2006-05-12T13:00:08.055",
        "fecha_recepcion": "2014-02-12T10:38:13.250"
    }
},
{
    "model": "tienda.envio",
    "pk": 13,
    "fields": {
        "compra": 1,
        "direccion": "Various must reduce. Trip live discussion leave TV government about. Drop through professor foot table town rate writer.",
        "fecha_envio": "2014-12-08T11:54:04.658",
        "fecha_recepcion": "1973-05-05T15:49:48.666"
    }
},
{
    "model": "tienda.envio",
    "pk": 14,
    "fields": {
        "compra": 13,
        "direccion": "Draw fish begin west. The marriage put floor name. Baby recent expert produce.\nWorker prevent action machine put bag value. Letter remain question want lawyer name compare.",
        "fecha_envio": "1985-10-28T06:17:58.076",
        "fecha_recepcion": "1970-02-07T02:36:48.926"
    }
},
{
    "model": "tienda.envio",
    "pk": 15,
    "fields": {
        "compra": 9,
        "direccion": "Wife prepare realize.\nEstablish song raise painting upon. Itself customer later year network risk.\nShow listen worker staff myself. Not leave market career analysis.",
        "fecha_envio": "2021-09-21T11:28:14.046",
        "fecha_recepcion": "1991-02-08T18:33:23.472"
    }
},
{
    "model": "tienda.valoracion",
    "pk": 1,
    "fields": {
        "usuario": 8,
        "compra": 2,
        "puntuacion": -1295,
        "comentario": "Doctor notice range ask.\nApproach drop physical power value. Machine science why.\nBefore believe word position.",
        "fecha_valoracion": "2024-10-17T17:17:32.914"
    }
},
{
    "model": "tienda.valoracion",
    "pk": 2,
    "fields": {
        "usuario": 9,
        "compra": 12,
        "puntuacion": 21813,
        "comentario": "Pick song prevent seek song. Do fire half loss weight center sometimes.\nMeet at board ball establish marriage life. Provide although him base laugh answer factor.",
        "fecha_valoracion": "2024-10-17T17:17:32.914"
    }
},
{
    "model": "tienda.valoracion",
    "pk": 3,
    "fields": {
        "usuario": 1,
        "compra": 1,
        "puntuacion": -969,
        "comentario": "Others treat analysis meet with on. Final image own room still structure.\nBut main determine environment notice suggest rather. It network PM popular.",
        "fecha_valoracion": "2024-10-17T17:17:32.914"
    }
},
{
    "model": "tienda.valoracion",
    "pk": 4,
    "fields": {
        "usuario": 15,
        "compra": 7,
        "puntuacion": -6355,
        "comentario": "Forget national picture statement here town nature. According reduce write class. Summer machine send build soldier country crime.",
        "fecha_valoracion": "2024-10-17T17:17:32.914"
    }
},
{
    "model": "tienda.valoracion",
    "pk": 5,
    "fields": {
        "usuario": 2,
        "compra": 7,
        "puntuacion": -20839,
        "comentario": "Police southern up. High high machine since group be manage. Reach go manage.",
        "fecha_valoracion": "2024-10-17T17:17:32.914"
    }
},
{
    "model": "tienda.valoracion",
    "pk": 6,
    "fields": {
        "usuario": 4,
        "compra": 12,
        "puntuacion": 28,
        "comentario": "Let mention fall reflect ten. Respond approach side. System develop open party kind.\nHim green as energy information product property. Certainly collection customer development thousand season.",
        "fecha_valoracion": "2024-10-17T17:17:32.914"
    }
},
{
    "model": "tienda.valoracion",
    "pk": 7,
    "fields": {
        "usuario": 11,
        "compra": 7,
        "puntuacion": 15073,
        "comentario": "Present north although couple difference. Job dinner political house.\nBenefit gas character goal. Central tough place down. Generation or develop agree air learn.",
        "fecha_valoracion": "2024-10-17T17:17:32.914"
    }
},
{
    "model": "tienda.valoracion",
    "pk": 8,
    "fields": {
        "usuario": 7,
        "compra": 7,
        "puntuacion": -1900,
        "comentario": "To production step pressure picture. This thank boy him stand find. Might character whom firm power visit machine.",
        "fecha_valoracion": "2024-10-17T17:17:32.914"
    }
},
{
    "model": "tienda.valoracion",
    "pk": 9,
    "fields": {
        "usuario": 6,
        "compra": 6,
        "puntuacion": -1662,
        "comentario": "Structure attorney its player wide road argue. Play group economy score four. Challenge rate street tax actually.\nTrade argue model produce TV recognize idea. Money between citizen buy old.",
        "fecha_valoracion": "2024-10-17T17:17:32.914"
    }
},
{
    "model": "tienda.valoracion",
    "pk": 10,
    "fields": {
        "usuario": 13,
        "compra": 3,
        "puntuacion": -23213,
        "comentario": "Far raise group appear must. Bad make subject collection production whether water.\nTv remain all.",
        "fecha_valoracion": "2024-10-17T17:17:32.914"
    }
},
{
    "model": "tienda.valoracion",
    "pk": 11,
    "fields": {
        "usuario": 15,
        "compra": 9,
        "puntuacion": -6841,
        "comentario": "American today myself fight company food.\nRegion of fish only. Growth science food then.\nWant though tonight five and pressure. Various east professional already will. Recent hard marriage rich join.",
        "fecha_valoracion": "2024-10-17T17:17:32.914"
    }
},
{
    "model": "tienda.valoracion",
    "pk": 12,
    "fields": {
        "usuario": 13,
        "compra": 13,
        "puntuacion": -3326,
        "comentario": "Citizen arrive measure practice investment listen. Management measure talk group cut.\nMajor particularly center factor husband. Character authority task debate. Ability page too house heavy.",
        "fecha_valoracion": "2024-10-17T17:17:32.914"
    }
},
{
    "model": "tienda.valoracion",
    "pk": 13,
    "fields": {
        "usuario": 8,
        "compra": 3,
        "puntuacion": -22061,
        "comentario": "Current ball business last thought. Wide bar better think conference hour suddenly under. Believe very week few.\nBad pick product home card. Both age chair item speech place.",
        "fecha_valoracion": "2024-10-17T17:17:32.914"
    }
},
{
    "model": "tienda.valoracion",
    "pk": 14,
    "fields": {
        "usuario": 15,
        "compra": 10,
        "puntuacion": -19698,
        "comentario": "Pass company shoulder challenge history resource. Cultural later spend generation ten.",
        "fecha_valoracion": "2024-10-17T17:17:32.914"
    }
},
{
    "model": "tienda.valoracion",
    "pk": 15,
    "fields": {
        "usuario": 14,
        "compra": 12,
        "puntuacion": -22864,
        "comentario": "Stand finish open between. Wide air hand stay. Special maybe drop sure another police administration society.",
        "fecha_valoracion": "2024-10-17T17:17:32.914"
    }
}
]
